sample	bgc_class	abund
SRR12042300	NRPS-like	1.03985765124555
SRR12042300	T3PKS	1.05996409335727
SRR12042300	arylpolyene	1.02646592709984
SRR12042300	betalactone	1.21096018735363
SRR12042300	terpene	13.3371987279746
SRR12042301	arylpolyene	1.02824489795918
SRR12042301	betalactone	1.19076643755674
SRR12042301	terpene	8.62387338538816
SRR12042302	NRPS-like	1.06082755723587
SRR12042302	T3PKS	2.10347540320172
SRR12042302	hserlactone	1.08738148763562
SRR12042302	resorcinol	1.04122684724159
SRR12042302	terpene	20.8139234716317
SRR12042303	NRPS	1.01175767237943
SRR12042303	T3PKS	1.01892022174018
SRR12042303	arylpolyene	1.0297410776767
SRR12042303	terpene	4.35448169021984
SRR12042304	NRPS-like	1.02913043478261
SRR12042304	T3PKS	1.05661432365687
SRR12042304	terpene	10.7434424488474
SRR12042305	T1PKS	1.02714812862414
SRR12042305	arylpolyene	1.06017606096439
SRR12042305	betalactone	1.11394980782274
SRR12042305	nucleoside	1.04363219827137
SRR12042305	terpene	6.30785472906923
SRR12042306	nucleoside	1.05820833084324
SRR12042306	terpene	2.16593960327334
SRR12042307	NRPS-like	3.08565718721824
SRR12042307	terpene	6.18466618021501
SRR12042308	NRPS-like	3.11053135818664
SRR12042308	RiPP-like	1.02407108239095
SRR12042308	T1PKS	1.0197889182058
SRR12042308	terpene	7.21939648848928
SRR12042309	terpene	3.15274245142851
SRR12042310	betalactone	1.09520718381478
SRR12042310	terpene	2.07622593395139
SRR12042311	NRPS-like	3.06138299015993
SRR12042311	T3PKS	1.02400548696845
SRR12042311	arylpolyene	1.05740378343118
SRR12042311	betalactone	2.11056513348116
SRR12042311	terpene	9.43267931213731
SRR12042312	NRPS	1.02940241576605
SRR12042312	NRPS-like	1.03987708638871
SRR12042312	terpene	7.65378124379706
SRR12042313	NRPS-like	3.07818941793037
SRR12042313	betalactone	1.06427503736921
SRR12042313	terpene	7.47750725146902
SRR12042314	NRPS-like	2.0537433767808
SRR12042314	arylpolyene	1.03381424706943
SRR12042314	terpene	7.41113929685142
SRR12042315	NRPS-like	3.08328037150452
SRR12042315	arylpolyene	1.05063524212852
SRR12042315	betalactone	2.14844571786955
SRR12042315	terpene	6.26369706737576
SRR12042316	arylpolyene	2.10995402292
SRR12042316	betalactone	1.0930424828288
SRR12042316	resorcinol	1.04815781839281
SRR12042316	terpene	4.23605117614703
SRR12042317	arylpolyene	1.05752516010979
SRR12042317	betalactone	2.20582071066203
SRR12042317	terpene	3.15872027859956
SRR12042318	arylpolyene	1.06545223469604
SRR12042318	betalactone	1.1163012392755
SRR12042318	terpene	6.43244499139695
SRR12042319	arylpolyene	1.05180433039294
SRR12042319	betalactone	1.10590578455144
SRR12042319	terpene	7.33813275654029
SRR12042320	betalactone	1.08223180743008
SRR12042320	terpene	5.23195962267005
SRR12042321	arylpolyene	1.08764000786009
SRR12042321	betalactone	1.09333582228859
SRR12042321	terpene	5.23549245026361
SRR12042322	RiPP-like	1.04009049773756
SRR12042322	betalactone	1.04014526246286
SRR12042322	hglE-KS	1.02766323024055
SRR12042322	hserlactone	3.13222845600768
SRR12042322	terpene	20.9729936611231
SRR12042323	NRPS-like	1.01066764759978
SRR12042323	betalactone	1.14318988464951
SRR12042323	terpene	4.45859236684291
SRR12042324	RiPP-like	5.23769408823028
SRR12042324	T1PKS	1.03114013058764
SRR12042324	T3PKS	2.13748739137799
SRR12042324	betalactone	1.04248016403673
SRR12042324	hserlactone	7.26031673434618
SRR12042324	terpene	28.4998912936991
SRR12042325	RRE-containing	1.04598531359095
SRR12042325	RiPP-like	1.05692546146259
SRR12042325	T3PKS	3.23003418380314
SRR12042325	betalactone	1.03216809222759
SRR12042325	hserlactone	3.16732316947793
SRR12042325	terpene	26.7909354731954
SRR12042326	NRPS-like	3.09055456239062
SRR12042326	T1PKS	1.02786164723868
SRR12042326	betalactone	1.02161100196464
SRR12042326	hglE-KS	1.03082706766917
SRR12042326	terpene	15.5279860190741
SRR12042327	NRPS-like	3.07310018545902
SRR12042327	T1PKS	1.02375838926175
SRR12042327	T3PKS	1.03641110195109
SRR12042327	terpene	17.6680742339492
SRR12042328	T1PKS	1.02226993865031
SRR12042328	T3PKS	1.0347769936811
SRR12042328	betalactone	1.01918577445016
SRR12042328	terpene	15.7203299574332
SRR12042329	terpene	3.42710017083872
SRR12042330	arylpolyene	1.05776502803495
SRR12042330	betalactone	1.06742857142857
SRR12042330	terpene	1.17804036112586
SRR12042331	T1PKS	1.04619736015085
SRR12042331	T3PKS	1.0561716051627
SRR12042331	arylpolyene	1.09180001531276
SRR12042331	betalactone	1.17576419213974
SRR12042331	terpene	8.72005945678491
SRR12042332	NRPS	1.04710632570659
SRR12042332	T3PKS	1.02890328236096
SRR12042332	arylpolyene	2.17180791987331
SRR12042332	betalactone	1.15966620305981
SRR12042332	resorcinol	1.0428519985596
SRR12042332	terpene	7.4930987041253
SRR12042333	NRPS	1.04695678181546
SRR12042333	T3PKS	1.03123198154911
SRR12042333	arylpolyene	1.02489542911858
SRR12042333	terpene	11.3095178945201
SRR12042334	arylpolyene	1.06514701915295
SRR12042334	ranthipeptide	1.05626098847431
SRR12042334	terpene	3.17510664153821
SRR12042335	NRPS	2.07060189025805
SRR12042335	arylpolyene	2.10829992859992
SRR12042335	terpene	5.79065832501545
SRR12042336	NRPS	1.02755436401549
SRR12042336	terpene	7.78482181310611
SRR12042337	arylpolyene	1.02869669190913
SRR12042337	betalactone	1.13645400325321
SRR12042337	terpene	19.3693921560237
SRR12042338	arylpolyene	2.09552238458599
SRR12042338	hserlactone	1.09004651162791
SRR12042338	terpene	13.99127033833
SRR12042339	arylpolyene	3.07667143745793
SRR12042339	nucleoside	1.05534204458109
SRR12042339	terpene	11.4333892198651
SRR12042340	NRPS	1.02572154927471
SRR12042340	NRPS-like	1.01208114884887
SRR12042340	T3PKS	1.03593709939321
SRR12042340	arylpolyene	1.03265383163458
SRR12042340	terpene	7.77499575814545
SRR12042341	T1PKS	1.02800597460792
SRR12042341	T3PKS	1.022306108442
SRR12042341	arylpolyene	1.01585609593604
SRR12042341	betalactone	1.20021941854087
SRR12042341	terpene	5.41572320109122
SRR12042342	terpene	9.77951871043575
SRR12042343	NRPS	1.02527291760132
SRR12042343	NRPS-like	1.03872619619139
SRR12042343	RRE-containing	1.04316271963331
SRR12042343	arylpolyene	1.05749565888482
SRR12042343	terpene	11.1947671409678
SRR12042344	arylpolyene	1.06775157754899
SRR12042344	terpene	11.2315106839838
SRR12042345	NRPS	1.03559144608943
SRR12042345	betalactone	1.09881337648328
SRR12042345	terpene	6.91840102608282
SRR12042346	NRPS	1.0564447159438
SRR12042346	terpene	7.95761030388321
